<?xml version='1.0' encoding='UTF-8'?>
<?artifactRepository version='1.1.0'?>
<repository name='Bundle pool' type='org.eclipse.equinox.p2.artifact.repository.simpleRepository' version='1'>
  <properties size='2'>
    <property name='p2.system' value='true'/>
    <property name='p2.timestamp' value='1619526000958'/>
  </properties>
  <mappings size='3'>
    <rule filter='(&amp; (classifier=osgi.bundle))' output='${repoUrl}/plugins/${id}_${version}.jar'/>
    <rule filter='(&amp; (classifier=binary))' output='${repoUrl}/binary/${id}_${version}'/>
    <rule filter='(&amp; (classifier=org.eclipse.update.feature))' output='${repoUrl}/features/${id}_${version}.jar'/>
  </mappings>
  <artifacts size='55'>
    <artifact classifier='org.eclipse.update.feature' id='fr.lip6.move.gal.itscl.feature' version='1.0.0.202104271219'>
      <properties size='1'>
        <property name='download.size' value='6003'/>
      </properties>
      <repositoryProperties size='1'>
        <property name='artifact.folder' value='true'/>
      </repositoryProperties>
    </artifact>
    <artifact classifier='osgi.bundle' id='fr.lip6.move.gal.cegar' version='1.0.0.202104271215'>
      <properties size='1'>
        <property name='download.size' value='39570'/>
      </properties>
    </artifact>
    <artifact classifier='osgi.bundle' id='org.eclipse.emf.ecore' version='2.22.0.v20200519-1135'>
      <properties size='1'>
        <property name='download.size' value='1414750'/>
      </properties>
    </artifact>
    <artifact classifier='osgi.bundle' id='javax.activation' version='1.1.0.v201211130549'>
      <properties size='1'>
        <property name='download.size' value='55065'/>
      </properties>
    </artifact>
    <artifact classifier='osgi.bundle' id='fr.lip6.ltl.tgba' version='1.0.0.202104271215'>
      <properties size='1'>
        <property name='download.size' value='23853'/>
      </properties>
    </artifact>
    <artifact classifier='osgi.bundle' id='fr.lip6.move.gal.pnml.togal' version='1.0.0.202104271215'>
      <properties size='1'>
        <property name='download.size' value='60470'/>
      </properties>
    </artifact>
    <artifact classifier='osgi.bundle' id='org.eclipse.emf.common' version='2.19.0.v20200324-0932'>
      <properties size='1'>
        <property name='download.size' value='375586'/>
      </properties>
    </artifact>
    <artifact classifier='osgi.bundle' id='org.eclipse.equinox.launcher' version='1.5.700.v20200207-2156'>
      <properties size='1'>
        <property name='download.size' value='53088'/>
      </properties>
    </artifact>
    <artifact classifier='osgi.bundle' id='com.google.guava' version='27.1.0.v20190517-1946'>
      <properties size='1'>
        <property name='download.size' value='2909614'/>
      </properties>
    </artifact>
    <artifact classifier='osgi.bundle' id='org.eclipse.equinox.preferences' version='3.8.0.v20200422-1833'>
      <properties size='1'>
        <property name='download.size' value='137172'/>
      </properties>
    </artifact>
    <artifact classifier='osgi.bundle' id='fr.lip6.move.gal.itscl.application' version='1.0.0.202104271219'>
      <properties size='1'>
        <property name='download.size' value='7001'/>
      </properties>
    </artifact>
    <artifact classifier='osgi.bundle' id='org.eclipse.equinox.common' version='3.12.0.v20200504-1602'>
      <properties size='1'>
        <property name='download.size' value='129982'/>
      </properties>
    </artifact>
    <artifact classifier='osgi.bundle' id='fr.lip6.move.gal.pn2pins' version='1.0.0.202104271215'>
      <properties size='1'>
        <property name='download.size' value='24703'/>
      </properties>
    </artifact>
    <artifact classifier='osgi.bundle' id='fr.lip6.move.gal.logic' version='1.0.0.202104271215'>
      <properties size='1'>
        <property name='download.size' value='327170'/>
      </properties>
    </artifact>
    <artifact classifier='osgi.bundle' id='org.apache.commons.logging' version='1.2.0.v20180409-1502'>
      <properties size='1'>
        <property name='download.size' value='73163'/>
      </properties>
    </artifact>
    <artifact classifier='osgi.bundle' id='org.antlr.runtime' version='3.2.0.v201101311130'>
      <properties size='1'>
        <property name='download.size' value='206568'/>
      </properties>
    </artifact>
    <artifact classifier='osgi.bundle' id='fr.lip6.move.gal.process' version='1.0.0.202104271215'>
      <properties size='1'>
        <property name='download.size' value='9342'/>
      </properties>
    </artifact>
    <artifact classifier='osgi.bundle' id='fr.lip6.move.gal.itstools.binaries' version='1.0.0.202104271215'>
      <properties size='1'>
        <property name='download.size' value='18470138'/>
      </properties>
      <repositoryProperties size='1'>
        <property name='artifact.folder' value='true'/>
      </repositoryProperties>
    </artifact>
    <artifact classifier='osgi.bundle' id='fr.lip6.move.gal.nupn' version='1.0.0.202104271215'>
      <properties size='1'>
        <property name='download.size' value='8806'/>
      </properties>
    </artifact>
    <artifact classifier='osgi.bundle' id='org.eclipse.osgi' version='3.15.300.v20200520-1959'>
      <properties size='1'>
        <property name='download.size' value='1480921'/>
      </properties>
    </artifact>
    <artifact classifier='osgi.bundle' id='fr.lip6.move.gal.logic.saxparse' version='1.0.0.202104271215'>
      <properties size='1'>
        <property name='download.size' value='11036'/>
      </properties>
    </artifact>
    <artifact classifier='osgi.bundle' id='org.eclipse.core.runtime' version='3.18.0.v20200506-2143'>
      <properties size='1'>
        <property name='download.size' value='73817'/>
      </properties>
    </artifact>
    <artifact classifier='osgi.bundle' id='ch.qos.logback.core' version='1.1.2.v20200204-2150'>
      <properties size='1'>
        <property name='download.size' value='473893'/>
      </properties>
    </artifact>
    <artifact classifier='osgi.bundle' id='org.eclipse.emf.ecore.xmi' version='2.16.0.v20190528-0725'>
      <properties size='1'>
        <property name='download.size' value='235069'/>
      </properties>
    </artifact>
    <artifact classifier='osgi.bundle' id='org.logicng' version='1.0.0.202104271215'>
      <properties size='1'>
        <property name='download.size' value='990960'/>
      </properties>
    </artifact>
    <artifact classifier='osgi.bundle' id='fr.lip6.pnml.framework.utils' version='2.2.15'>
      <properties size='1'>
        <property name='download.size' value='57858'/>
      </properties>
    </artifact>
    <artifact classifier='osgi.bundle' id='fr.lip6.move.gal.pnml.saxparse' version='1.0.0.202104271215'>
      <properties size='1'>
        <property name='download.size' value='10260'/>
      </properties>
    </artifact>
    <artifact classifier='osgi.bundle' id='fr.lip6.pnml.framework.ptnet' version='2.2.15'>
      <properties size='1'>
        <property name='download.size' value='309327'/>
      </properties>
    </artifact>
    <artifact classifier='osgi.bundle' id='org.eclipse.equinox.registry' version='3.8.800.v20200406-0956'>
      <properties size='1'>
        <property name='download.size' value='194747'/>
      </properties>
    </artifact>
    <artifact classifier='osgi.bundle' id='org.eclipse.equinox.app' version='1.4.500.v20200422-1833'>
      <properties size='1'>
        <property name='download.size' value='89286'/>
      </properties>
    </artifact>
    <artifact classifier='osgi.bundle' id='org.eclipse.xtext' version='2.22.0.v20200602-1352'>
      <properties size='1'>
        <property name='download.size' value='2707693'/>
      </properties>
    </artifact>
    <artifact classifier='osgi.bundle' id='ch.qos.logback.classic' version='1.1.2.v20171220-1825'>
      <properties size='1'>
        <property name='download.size' value='294011'/>
      </properties>
    </artifact>
    <artifact classifier='osgi.bundle' id='fr.lip6.move.gal.louvain' version='1.0.0.202104271215'>
      <properties size='1'>
        <property name='download.size' value='9232'/>
      </properties>
    </artifact>
    <artifact classifier='osgi.bundle' id='javax.inject' version='1.0.0.v20091030'>
      <properties size='1'>
        <property name='download.size' value='14411'/>
      </properties>
    </artifact>
    <artifact classifier='osgi.bundle' id='lip6.smtlib.SMT' version='1.0.0.202104271215'>
      <properties size='1'>
        <property name='download.size' value='421399'/>
      </properties>
    </artifact>
    <artifact classifier='osgi.bundle' id='fr.lip6.ltl.jhoaf' version='1.0.0.202104271215'>
      <properties size='1'>
        <property name='download.size' value='154735'/>
      </properties>
    </artifact>
    <artifact classifier='osgi.bundle' id='org.eclipse.core.contenttype' version='3.7.700.v20200517-1644'>
      <properties size='1'>
        <property name='download.size' value='100786'/>
      </properties>
    </artifact>
    <artifact classifier='osgi.bundle' id='org.slf4j.api' version='1.7.30.v20200204-2150'>
      <properties size='1'>
        <property name='download.size' value='53068'/>
      </properties>
    </artifact>
    <artifact classifier='osgi.bundle' id='org.apache.log4j' version='1.2.15.v201012070815'>
      <properties size='1'>
        <property name='download.size' value='415047'/>
      </properties>
    </artifact>
    <artifact classifier='osgi.bundle' id='org.eclipse.xtext.util' version='2.22.0.v20200602-1352'>
      <properties size='1'>
        <property name='download.size' value='308031'/>
      </properties>
    </artifact>
    <artifact classifier='osgi.bundle' id='fr.lip6.move.gal.gal2pins' version='1.0.0.202104271215'>
      <properties size='1'>
        <property name='download.size' value='31455'/>
      </properties>
    </artifact>
    <artifact classifier='osgi.bundle' id='org.eclipse.xtend.lib.macro' version='2.22.0.v20200602-0713'>
      <properties size='1'>
        <property name='download.size' value='77818'/>
      </properties>
    </artifact>
    <artifact classifier='osgi.bundle' id='org.eclipse.xtend.lib' version='2.22.0.v20200602-0713'>
      <properties size='1'>
        <property name='download.size' value='106621'/>
      </properties>
    </artifact>
    <artifact classifier='osgi.bundle' id='fr.lip6.move.gal' version='1.0.0.202104271215'>
      <properties size='1'>
        <property name='download.size' value='945033'/>
      </properties>
    </artifact>
    <artifact classifier='osgi.bundle' id='fr.lip6.move.gal.ltsmin.binaries' version='1.0.0.202104271215'>
      <properties size='1'>
        <property name='download.size' value='4465922'/>
      </properties>
      <repositoryProperties size='1'>
        <property name='artifact.folder' value='true'/>
      </repositoryProperties>
    </artifact>
    <artifact classifier='osgi.bundle' id='org.eclipse.xtext.xbase.lib' version='2.22.0.v20200602-0713'>
      <properties size='1'>
        <property name='download.size' value='163127'/>
      </properties>
    </artifact>
    <artifact classifier='osgi.bundle' id='fr.lip6.pnml.framework.symmetricnet' version='2.2.15'>
      <properties size='1'>
        <property name='download.size' value='1535080'/>
      </properties>
    </artifact>
    <artifact classifier='osgi.bundle' id='fr.lip6.move.gal.structural' version='1.0.0.202104271215'>
      <properties size='1'>
        <property name='download.size' value='218107'/>
      </properties>
    </artifact>
    <artifact classifier='osgi.bundle' id='org.eclipse.equinox.launcher.win32.win32.x86_64' version='1.1.1200.v20200508-1552'>
      <properties size='1'>
        <property name='download.size' value='83650'/>
      </properties>
      <repositoryProperties size='1'>
        <property name='artifact.folder' value='true'/>
      </repositoryProperties>
    </artifact>
    <artifact classifier='osgi.bundle' id='com.google.inject' version='3.0.0.v201605172100'>
      <properties size='1'>
        <property name='download.size' value='531525'/>
      </properties>
    </artifact>
    <artifact classifier='osgi.bundle' id='org.eclipse.core.jobs' version='3.10.800.v20200421-0950'>
      <properties size='1'>
        <property name='download.size' value='107653'/>
      </properties>
    </artifact>
    <artifact classifier='osgi.bundle' id='fr.lip6.move.gal.louvain.binaries' version='1.0.0.202104271215'>
      <properties size='1'>
        <property name='download.size' value='3120707'/>
      </properties>
      <repositoryProperties size='1'>
        <property name='artifact.folder' value='true'/>
      </repositoryProperties>
    </artifact>
    <artifact classifier='osgi.bundle' id='fr.lip6.move.gal.application.pnmcc' version='1.0.0.202104271215'>
      <properties size='1'>
        <property name='download.size' value='175628'/>
      </properties>
    </artifact>
    <artifact classifier='osgi.bundle' id='fr.lip6.pnml.framework.3rdpartimports' version='2.2.15'>
      <properties size='1'>
        <property name='download.size' value='9978770'/>
      </properties>
    </artifact>
    <artifact classifier='osgi.bundle' id='fr.lip6.move.gal.gal2smt' version='1.0.0.202104271215'>
      <properties size='1'>
        <property name='download.size' value='100157'/>
      </properties>
    </artifact>
  </artifacts>
</repository>
